table,indicator,isfilter,isprimarykey,title,description,unittype
SF1,revenue,false,false,Revenues,[Income Statement] The amount of Revenue recognised from goods sold; services rendered; insurance premiums; or other activities that constitute an earning process. Interest income for financial institutions is reported net of interest expense and provision for credit losses. Where this item is not contained on the company consolidated financial statements and cannot otherwise be imputed the value of 0 is used.,currency
SF1,cor,false,false,Cost of Revenue,[Income Statement] The aggregate cost of goods produced and sold and services rendered during the reporting period. Where this item is not contained on the company consolidated financial statements and cannot otherwise be imputed the value of 0 is used.,currency
SF1,sgna,false,false,Selling General and Administrative Expense,[Income Statement] A component of [OpEx] representing the aggregate total costs related to selling a firm's product and services; as well as all other general and administrative expenses. Direct selling expenses (for example; credit; warranty; and advertising) are expenses that can be directly linked to the sale of specific products. Indirect selling expenses are expenses that cannot be directly linked to the sale of specific products; for example telephone expenses; Internet; and postal charges. General and administrative expenses include salaries of non-sales personnel; rent; utilities; communication; etc. Where this item is not contained on the company consolidated financial statements and cannot otherwise be imputed the value of 0 is used.,currency
SF1,rnd,false,false,Research and Development Expense,[Income Statement] A component of [OpEx] representing the aggregate costs incurred in a planned search or critical investigation aimed at discovery of new knowledge with the hope that such knowledge will be useful in developing a new product or service. Where this item is not contained on the company consolidated financial statements and cannot otherwise be imputed the value of 0 is used.,currency
SF1,opex,false,false,Operating Expenses,[Income Statement] Operating expenses represent the total expenditure on [SGnA]; [RnD] and other operating expense items; it excludes [CoR].,currency
SF1,intexp,false,false,Interest Expense,[Income Statement] Amount of the cost of borrowed funds accounted for as interest expense. Where this item is not contained on the company consolidated financial statements and cannot otherwise be imputed the value of 0 is used.,currency
SF1,taxexp,false,false,Income Tax Expense,[Income Statement] Amount of current income tax expense (benefit) and deferred income tax expense (benefit) pertaining to continuing operations. Where this item is not contained on the company consolidated financial statements and cannot otherwise be imputed the value of 0 is used.,currency
SF1,netincdis,false,false,Net Loss Income from Discontinued Operations,[Income Statement] Amount of loss (income) from a disposal group; net of income tax; reported as a separate component of income. Where this item is not contained on the company consolidated financial statements and cannot otherwise be imputed the value of 0 is used.,currency
SF1,consolinc,false,false,Consolidated Income,[Income Statement] The portion of profit or loss for the period; net of income taxes; which is attributable to the consolidated entity; before the deduction of [NetIncNCI].,currency
SF1,netincnci,false,false,Net Income to Non-Controlling Interests,[Income Statement] The portion of income which is attributable to non-controlling interest shareholders; subtracted from [ConsolInc] in order to obtain [NetInc]. Where this item is not contained on the company consolidated financial statements and cannot otherwise be imputed the value of 0 is used.,currency
SF1,netinc,false,false,Net Income,[Income Statement] The portion of profit or loss for the period; net of income taxes; which is attributable to the parent after the deduction of [NetIncNCI] from [ConsolInc]; and before the deduction of [PrefDivIS].,currency
SF1,prefdivis,false,false,Preferred Dividends Income Statement Impact,[Income Statement] Income statement item reflecting dividend payments to preferred stockholders. Subtracted from Net Income to Parent [NetInc] to obtain Net Income to Common Stockholders [NetIncCmn]. Where this item is not contained on the company consolidated financial statements and cannot otherwise be imputed the value of 0 is used.,currency
SF1,netinccmn,false,false,Net Income Common Stock,[Income Statement] The amount of net income (loss) for the period due to common shareholders. Typically differs from [NetInc] to the parent entity due to the deduction of [PrefDivIS].,currency
SF1,eps,false,false,Earnings per Basic Share,[Income Statement] Earnings per share as calculated and reported by the company. Approximates to the amount of [NetIncCmn] for the period per each [SharesWA] after adjusting for [ShareFactor].,currency/share
SF1,epsdil,false,false,Earnings per Diluted Share,[Income Statement] Earnings per diluted share as calculated and reported by the company. Approximates to the amount of [NetIncCmn] for the period per each [SharesWADil] after adjusting for [ShareFactor]..,currency/share
SF1,shareswa,false,false,Weighted Average Shares,[Income Statement] The weighted average number of shares or units issued and outstanding that are used by the company to calculate [EPS]; determined based on the timing of issuance of shares or units in the period.,units
SF1,shareswadil,false,false,Weighted Average Shares Diluted,[Income Statement] The weighted average number of shares or units issued and outstanding that are used by the company to calculate [EPSDil]; determined based on the timing of issuance of shares or units in the period.,units
SF1,capex,false,false,Capital Expenditure,[Cash Flow Statement] A component of [NCFI] representing the net cash inflow (outflow) associated with the acquisition & disposal of long-lived; physical & intangible assets that are used in the normal conduct of business to produce goods and services and are not intended for resale. Includes cash inflows/outflows to pay for construction of self-constructed assets & software. Where this item is not contained on the company consolidated financial statements and cannot otherwise be imputed the value of 0 is used.,currency
SF1,ncfbus,false,false,Net Cash Flow - Business Acquisitions and Disposals,[Cash Flow Statement] A component of [NCFI] representing the net cash inflow (outflow) associated with the acquisition & disposal of businesses; joint-ventures; affiliates; and other named investments. Where this item is not contained on the company consolidated financial statements and cannot otherwise be imputed the value of 0 is used.,currency
SF1,ncfinv,false,false,Net Cash Flow - Investment Acquisitions and Disposals,[Cash Flow Statement] A component of [NCFI] representing the net cash inflow (outflow) associated with the acquisition & disposal of investments; including marketable securities and loan originations. Where this item is not contained on the company consolidated financial statements and cannot otherwise be imputed the value of 0 is used.,currency
SF1,workingcapital,false,false,Working Capital,[Metrics] Working capital measures the difference between [AssetsC] and [LiabilitiesC].,currency
SF1,ncff,false,false,Net Cash Flow from Financing,[Cash Flow Statement] A component of [NCF] representing the amount of cash inflow (outflow) from financing activities; from continuing and discontinued operations. Principal components of financing cash flow are: issuance (purchase) of equity shares; issuance (repayment) of debt securities; and payment of dividends & other cash distributions. Where this item is not contained on the company consolidated financial statements and cannot otherwise be imputed the value of 0 is used.,currency
SF1,ncfdebt,false,false,Issuance (Repayment) of Debt Securities ,[Cash Flow Statement] A component of [NCFF] representing the net cash inflow (outflow) from issuance (repayment) of debt securities. Where this item is not contained on the company consolidated financial statements and cannot otherwise be imputed the value of 0 is used.,currency
SF1,ncfcommon,false,false,Issuance (Purchase) of Equity Shares,[Cash Flow Statement] A component of [NCFF] representing the net cash inflow (outflow) from common equity changes. Includes additional capital contributions from share issuances and exercise of stock options; and outflow from share repurchases.  Where this item is not contained on the company consolidated financial statements and cannot otherwise be imputed the value of 0 is used.,currency
SF1,ncfdiv,false,false,Payment of Dividends & Other Cash Distributions   ,[Cash Flow Statement] A component of [NCFF] representing dividends and dividend equivalents paid on common stock and restricted stock units. Where this item is not contained on the company consolidated financial statements and cannot otherwise be imputed the value of 0 is used.,currency
SF1,ncfi,false,false,Net Cash Flow from Investing,[Cash Flow Statement] A component of [NCF] representing the amount of cash inflow (outflow) from investing activities; from continuing and discontinued operations. Principal components of investing cash flow are: capital (expenditure) disposal of equipment [CapEx]; business (acquisitions) disposition [NCFBus] and investment (acquisition) disposal [NCFInv]. Where this item is not contained on the company consolidated financial statements and cannot otherwise be imputed the value of 0 is used.,currency
SF1,ncfo,false,false,Net Cash Flow from Operations,[Cash Flow Statement] A component of [NCF] representing the amount of cash inflow (outflow) from operating activities; from continuing and discontinued operations.,currency
SF1,ncfx,false,false,Effect of Exchange Rate Changes on Cash ,[Cash Flow Statement] A component of Net Cash Flow [NCF] representing the amount of increase (decrease) from the effect of exchange rate changes on cash and cash equivalent balances held in foreign currencies. Where this item is not contained on the company consolidated financial statements and cannot otherwise be imputed the value of 0 is used.,currency
SF1,ncf,false,false,Net Cash Flow / Change in Cash & Cash Equivalents,[Cash Flow Statement] Principal component of the cash flow statement representing the amount of increase (decrease) in cash and cash equivalents. Includes [NCFO]; investing [NCFI] and financing [NCFF] for continuing and discontinued operations; and the effect of exchange rate changes on cash [NCFX].,currency
SF1,sbcomp,false,false,Share Based Compensation,[Cash Flow Statement] A component of [NCFO] representing the total amount of noncash; equity-based employee remuneration. This may include the value of stock or unit options; amortization of restricted stock or units; and adjustment for officers' compensation. As noncash; this element is an add back when calculating net cash generated by operating activities using the indirect method.,currency
SF1,depamor,false,false,Depreciation Amortization & Accretion,[Cash Flow Statement] A component of operating cash flow representing the aggregate net amount of depreciation; amortization; and accretion recognized during an accounting period. As a non-cash item; the net amount is added back to net income when calculating cash provided by or used in operations using the indirect method. Where this item is not contained on the company consolidated financial statements and cannot otherwise be imputed the value of 0 is used.,currency
SF1,assets,false,false,Total Assets,[Balance Sheet] Sum of the carrying amounts as of the balance sheet date of all assets that are recognized. Major components are [CashnEq]; [Investments];[Intangibles]; [PPNENet];[TaxAssets] and [Receivables].,currency
SF1,cashneq,false,false,Cash and Equivalents,[Balance Sheet] A component of [Assets] representing the amount of currency on hand as well as demand deposits with banks or financial institutions. Where this item is not contained on the company consolidated financial statements and cannot otherwise be imputed the value of 0 is used.,currency
SF1,investments,false,false,Investments,[Balance Sheet] A component of [Assets] representing the total amount of marketable and non-marketable securties; loans receivable and other invested assets. Where this item is not contained on the company consolidated financial statements and cannot otherwise be imputed the value of 0 is used.,currency
SF1,investmentsc,false,false,Investments Current,[Balance Sheet] The current portion of [Investments]; reported if the company operates a classified balance sheet that segments current and non-current assets. Where this item is not contained on the company consolidated financial statements and cannot otherwise be imputed the value of 0 is used.,currency
SF1,investmentsnc,false,false,Investments Non-Current,[Balance Sheet] The non-current portion of [Investments]; reported if the company operates a classified balance sheet that segments current and non-current assets. Where this item is not contained on the company consolidated financial statements and cannot otherwise be imputed the value of 0 is used.,currency
SF1,deferredrev,false,false,Deferred Revenue,[Balance Sheet] A component of [Liabilities] representing the carrying amount of consideration received or receivable on potential earnings that were not recognized as revenue; including sales; license fees; and royalties; but excluding interest income. Where this item is not contained on the company consolidated financial statements and cannot otherwise be imputed the value of 0 is used.,currency
SF1,deposits,false,false,Deposit Liabilities,[Balance Sheet] A component of [Liabilities] representing the total of all deposit liabilities held; including foreign and domestic; interest and noninterest bearing. May include demand deposits; saving deposits; Negotiable Order of Withdrawal and time deposits among others. Where this item is not contained on the company consolidated financial statements and cannot otherwise be imputed the value of 0 is used.,currency
SF1,ppnenet,false,false,Property Plant & Equipment Net,[Balance Sheet] A component of [Assets] representing the amount after accumulated depreciation; depletion and amortization of physical assets used in the normal conduct of business to produce goods and services and not intended for resale. Includes Operating Right of Use Assets. Where this item is not contained on the company consolidated financial statements and cannot otherwise be imputed the value of 0 is used.,currency
SF2,transactionpricepershare,false,false,Transaction Price per Share,The transaction price per share.,USD/share
SF1,inventory,false,false,Inventory,[Balance Sheet] A component of [Assets] representing the amount after valuation and reserves of inventory expected to be sold; or consumed within one year or operating cycle; if longer. Where this item is not contained on the company consolidated financial statements and cannot otherwise be imputed the value of 0 is used.,currency
SF1,taxassets,false,false,Tax Assets,[Balance Sheet] A component of [Assets] representing tax assets and receivables. Where this item is not contained on the company consolidated financial statements and cannot otherwise be imputed the value of 0 is used.,currency
SF1,receivables,false,false,Trade and Non-Trade Receivables,[Balance Sheet] A component of [Assets] representing trade and non-trade receivables. Where this item is not contained on the company consolidated financial statements and cannot otherwise be imputed the value of 0 is used.,currency
SF1,payables,false,false,Trade and Non-Trade Payables,[Balance Sheet] A component of [Liabilities] representing trade and non-trade payables. Where this item is not contained on the company consolidated financial statements and cannot otherwise be imputed the value of 0 is used.,currency
SF1,intangibles,false,false,Goodwill and Intangible Assets,[Balance Sheet] A component of [Assets] representing the carrying amounts of all intangible assets and goodwill as of the balance sheet date; net of accumulated amortization and impairment charges. Where this item is not contained on the company consolidated financial statements and cannot otherwise be imputed the value of 0 is used.,currency
SF1,liabilities,false,false,Total Liabilities,[Balance Sheet] Sum of the carrying amounts as of the balance sheet date of all liabilities that are recognized. Principal components are [Debt]; [DeferredRev]; [Payables];[Deposits]; and [TaxLiabilities].,currency
SF1,equity,false,false,Shareholders Equity Attributable to Parent,[Balance Sheet] A principal component of the balance sheet; in addition to [Liabilities] and [Assets]; that represents the total of all stockholders' equity (deficit) items; net of receivables from officers; directors; owners; and affiliates of the entity which are attributable to the parent.,currency
SF1,retearn,false,false,Accumulated Retained Earnings (Deficit),[Balance Sheet] A component of [Equity] representing the cumulative amount of the entities undistributed earnings or deficit. May only be reported annually by certain companies; rather than quarterly.,currency
SF1,accoci,false,false,Accumulated Other Comprehensive Income,[Balance Sheet] A component of [Equity] representing the accumulated change in equity from transactions and other events and circumstances from non-owner sources; net of tax effect; at period end. Includes foreign currency translation items; certain pension adjustments; unrealized gains and losses on certain investments in debt and equity securities. Where this item is not contained on the company consolidated financial statements and cannot otherwise be imputed the value of 0 is used.,currency
SF1,assetsc,false,false,Current Assets,[Balance Sheet] The current portion of [Assets]; reported if a company operates a classified balance sheet that segments current and non-current assets.,currency
SF1,assetsnc,false,false,Assets Non-Current,[Balance Sheet] Amount of non-current assets; for companies that operate a classified balance sheet. Calculated as the different between Total Assets [Assets] and Current Assets [AssetsC].,currency
SF1,liabilitiesc,false,false,Current Liabilities,[Balance Sheet] The current portion of [Liabilities]; reported if the company operates a classified balance sheet that segments current and non-current liabilities.,currency
SF1,liabilitiesnc,false,false,Liabilities Non-Current,[Balance Sheet] The non-current portion of [Liabilities]; reported if the company operates a classified balance sheet that segments current and non-current liabilities.,currency
SF1,taxliabilities,false,false,Tax Liabilities,[Balance Sheet] A component of [Liabilities] representing outstanding tax liabilities. Where this item is not contained on the company consolidated financial statements and cannot otherwise be imputed the value of 0 is used.,currency
SF1,debt,false,false,Total Debt,[Balance Sheet] A component of [Liabilities] representing the total amount of current and non-current debt owed. Includes secured and unsecured bonds issued; commercial paper; notes payable; credit facilities; lines of credit; capital lease obligations; operating lease obligations; and convertible notes. Where this item is not contained on the company consolidated financial statements and cannot otherwise be imputed the value of 0 is used.,currency
SF1,debtc,false,false,Debt Current,[Balance Sheet] The current portion of [Debt]; reported if the company operates a classified balance sheet that segments current and non-current liabilities. Where this item is not contained on the company consolidated financial statements and cannot otherwise be imputed the value of 0 is used.,currency
SF1,debtnc,false,false,Debt Non-Current,[Balance Sheet] The non-current portion of [Debt] reported if the company operates a classified balance sheet that segments current and non-current liabilities. Where this item is not contained on the company consolidated financial statements and cannot otherwise be imputed the value of 0 is used.,currency
SF1,ebt,false,false,Earnings before Tax,[Metrics] Earnings Before Tax is calculated by adding [TaxExp] back to [NetInc].,currency
SF1,ebit,false,false,Earning Before Interest & Taxes (EBIT),[Income Statement] Earnings Before Interest and Tax is calculated by adding [TaxExp] and [IntExp] back to [NetInc].,currency
SF1,ebitda,false,false,Earnings Before Interest Taxes & Depreciation Amortization (EBITDA),[Metrics] EBITDA is a non-GAAP accounting metric that is widely used when assessing the performance of companies; calculated by adding [DepAmor] back to [EBIT].,currency
SF1,fxusd,false,false,Foreign Currency to USD Exchange Rate,[Metrics] The exchange rate used for the conversion of foreign currency to USD for non-US companies that do not report in USD.,ratio
SF1,equityusd,false,false,Shareholders Equity (USD),[Balance Sheet] [Equity] in USD; converted by [FXUSD].,USD
SF1,epsusd,false,false,Earnings per Basic Share (USD),[Income Statement] [EPS] in USD; converted by [FXUSD].,USD/share
SF1,revenueusd,false,false,Revenues (USD),[Income Statement] [Revenue] in USD; converted by [FXUSD]. Where this item is not contained on the company consolidated financial statements and cannot otherwise be imputed the value of 0 is used.,USD
SF1,netinccmnusd,false,false,Net Income Common Stock (USD),[Income Statement] [NetIncCmn] in USD; converted by [FXUSD].,USD
SF1,cashnequsd,false,false,Cash and Equivalents (USD),[Balance Sheet] [CashnEq] in USD; converted by [FXUSD]. Where this item is not contained on the company consolidated financial statements and cannot otherwise be imputed the value of 0 is used.,USD
SF2,transactionvalue,true,false,Transaction Value,The value of the transaction.,USD
SF1,debtusd,false,false,Total Debt (USD),[Balance Sheet] [Debt] in USD; converted by [FXUSD]. Where this item is not contained on the company consolidated financial statements and cannot otherwise be imputed the value of 0 is used.,USD
SF1,ebitusd,false,false,Earning Before Interest & Taxes (USD),[Income Statement] [EBIT] in USD; converted by [FXUSD].,USD
SF1,ebitdausd,false,false,Earnings Before Interest Taxes & Depreciation Amortization (USD),[Metrics] [EBITDA] in USD; converted by [FXUSD].,USD
SF1,sharesbas,false,false,Shares (Basic),[Entity] The number of shares or other units outstanding of the entity's capital or common stock or other ownership interests; as stated on the cover of related periodic report (10-K/10-Q); after adjustment for stock splits.,units
SF1,dps,false,false,Dividends per Basic Common Share,[Income Statement] Aggregate dividends declared during the period for each split-adjusted share of common stock outstanding. Where this item is not contained on the company consolidated financial statements and cannot otherwise be imputed the value of 0 is used.,USD/share
SF1,sharefactor,false,false,Share Factor,[Entity] Share factor is a multiplicand in the calculation of [MarketCap] and is used to adjust for: American Depository Receipts (ADRs) that represent more or less than 1 underlying share; and; companies which have different earnings share for different share classes (eg Berkshire Hathaway - BRK.B).,ratio
SF1,marketcap,false,false,Market Capitalization,[Metrics] Represents the product of [SharesBas]; [Price] and [ShareFactor].,USD
SF1,ev,false,false,Enterprise Value,[Metrics] Enterprise value is a measure of the value of a business as a whole; calculated as [MarketCap] plus [DebtUSD] minus [CashnEqUSD].,USD
SF1,invcap,false,false,Invested Capital,[Metrics] Invested capital is an input into the calculation of [ROIC]; and is calculated as: [Debt] plus [Assets] minus [Intangibles] minus [CashnEq] minus [LiabilitiesC]. Please note this calculation method is subject to change.,currency
SF1,equityavg,false,false,Average Equity,[Metrics] Average equity value for the period used in calculation of [ROE]; derived from [Equity].,currency
SF1,assetsavg,false,false,Average Assets,[Metrics] Average asset value for the period used in calculation of [ROE] and [ROA]; derived from [Assets].,currency
SF1,invcapavg,false,false,Invested Capital Average,[Metrics] Average invested capital value for the period used in the calculation of [ROIC]; and derived from [InvCap]. Invested capital is an input into the calculation of [ROIC]; and is calculated as: [Debt] plus [Assets] minus [Intangibles] minus [CashnEq] minus [LiabilitiesC]. Please note this calculation method is subject to change.,currency
SF1,tangibles,false,false,Tangible Asset Value,[Metrics] The value of tangibles assets calculated as the difference between [Assets] and [Intangibles].,currency
SF1,roe,false,false,Return on Average Equity,[Metrics] Return on equity measures a corporation's profitability by calculating the amount of [NetIncCmn] returned as a percentage of [EquityAvg].,ratio
SF1,roa,false,false,Return on Average Assets,[Metrics] Return on assets measures how profitable a company is [NetIncCmn] relative to its total assets [AssetsAvg].,ratio
SF1,fcf,false,false,Free Cash Flow,[Metrics] Free Cash Flow is a measure of financial performance calculated as [NCFO] minus [CapEx].,currency
SF1,roic,false,false,Return on Invested Capital,[Metrics] Return on Invested Capital is a ratio estimated by dividing [EBIT] by [InvCapAvg]. [InvCap] is calculated as: [Debt] plus [Assets] minus [Intangibles] minus [CashnEq] minus [LiabilitiesC]. Please note this calculation method is subject to change.,ratio
SF1,gp,false,false,Gross Profit,[Income Statement] Aggregate revenue [Revenue] less cost of revenue [CoR] directly attributable to the revenue generation activity.,currency
SF1,opinc,false,false,Operating Income,[Income Statement] Operating income is a measure of financial performance before the deduction of [IntExp]; [TaxExp] and other Non-Operating items. It is calculated as [GP] minus [OpEx].,currency
SF1,grossmargin,false,false,Gross Margin,[Metrics] Gross Margin measures the ratio between a company's [GP] and [Revenue].,ratio
SF1,netmargin,false,false,Profit Margin,[Metrics] Measures the ratio between a company's [NetIncCmn] and [Revenue].,ratio
SF1,ebitdamargin,false,false,EBITDA Margin,[Metrics] Measures the ratio between a company's [EBITDA] and [Revenue].,ratio
SF1,ros,false,false,Return on Sales,[Metrics] Return on Sales is a ratio to evaluate a company's operational efficiency; calculated by dividing [EBIT] by [Revenue]. ROS is often a component of DuPont ROE analysis.,ratio
SF1,assetturnover,false,false,Asset Turnover,[Metrics] Asset turnover is a measure of a firms operating efficiency; calculated by dividing [Revenue] by [AssetsAVG]. Often a component of DuPont ROE analysis.,ratio
SF1,payoutratio,false,false,Payout Ratio,[Metrics] The percentage of earnings paid as dividends to common stockholders. Calculated by dividing [DPS] by [EPSUSD].,ratio
SF1,evebitda,false,false,Enterprise Value over EBITDA,[Metrics] Measures the ratio between [EV] and [EBITDAUSD].,ratio
SF1,evebit,false,false,Enterprise Value over EBIT,[Metrics] Measures the ratio between [EV] and [EBITUSD].,ratio
SF1,pe,false,false,Price Earnings (Damodaran Method),[Metrics] Measures the ratio between [MarketCap] and [NetIncCmnUSD],ratio
SF1,pe1,false,false,Price to Earnings Ratio,[Metrics] An alternative to [PE] representing the ratio between [Price] and [EPSUSD].,ratio
SF1,sps,false,false,Sales per Share,[Metrics] Sales per Share measures the ratio between [RevenueUSD] and [SharesWA] as adjusted by [ShareFactor].,USD/share
SF1,ps1,false,false,Price to Sales Ratio,[Metrics] An alternative calculation method to [PS]; that measures the ratio between a company's [Price] and it's [SPS].,ratio
SF1,ps,false,false,Price Sales (Damodaran Method),[Metrics] Measures the ratio between [MarketCap] and [RevenueUSD].,ratio
SF1,pb,false,false,Price to Book Value,[Metrics] Measures the ratio between [MarketCap] and [EquityUSD].,ratio
SF1,de,false,false,Debt to Equity Ratio,[Metrics] Measures the ratio between [Liabilities] and [Equity].,ratio
SF1,divyield,false,false,Dividend Yield,"[Metrics] Dividend Yield measures the ratio between a company's trailing twelve month [DPS] and its close [Price], by summing dividends by ExDate, provided in the SHARADAR/ACTIONS table, in the twelve months leading up to the date in the [DateKey] indicator.  Where this item is not contained on the company consolidated financial statements and cannot otherwise be imputed the value of 0 is used.",ratio
SF1,currentratio,false,false,Current Ratio,[Metrics] The ratio between [AssetsC] and [LiabilitiesC]; for companies that operate a classified balance sheet.,ratio
SF1,fcfps,false,false,Free Cash Flow per Share,[Metrics] Free Cash Flow per Share is a valuation metric calculated by dividing [FCF] by [SharesWA] and [ShareFactor].,currency/share
SF1,bvps,false,false,Book Value per Share,[Metrics] Measures the ratio between [Equity] and [SharesWA] as adjusted by [ShareFactor].,currency/share
SF1,tbvps,false,false,Tangible Assets Book Value per Share,[Metrics] Measures the ratio between [Tangibles] and [SharesWA] as adjusted by [ShareFactor].,currency/share
SF1,price,false,false,Share Price (Adjusted Close),[Entity] The price per common share adjusted for stock splits but not adjusted for dividends; used in the computation of [PE1]; [PS1]; [DivYield] and [SPS].,USD/share
SF1,ticker,true,true,Ticker Symbol,[Entity] The ticker is a unique identifier for a security in the database. Where a company is delisted and the ticker subsequently recycled for use by a different company; we utilise that ticker for the currently active company and append a number to the ticker of the delisted company. The ACTIONS table provides a record of historical ticker changes.,text
SF1,dimension,true,true,Dimension,[Entity] The dimension field allows you to take different dimensional views of data over time. ARQ: Quarterly; excluding restatements; MRQ: Quarterly; including restatements; ARY: annual; excluding restatements; MRY: annual; including restatements; ART: trailing-twelve-months; excluding restatements; MRT: trailing-twelve-months; including restatements.,text
SF1,calendardate,true,false,Calendar Date,[Entity] The Calendar Date represents the normalized [ReportPeriod]. This provides a common date to query for which is necessary due to irregularity in report periods across companies. For example; if the report period is 2015-09-26; the calendar date will be 2015-09-30 for quarterly and trailing-twelve-month dimensions (ARQ;MRQ;ART;MRT); and 2015-12-31 for annual dimensions (ARY;MRY). We also employ offsets in order to maximise comparability of the period across companies. For example consider two companies: one with a quarter ending on 2018-07-24; and the other with a quarter ending on 2018-06-28. A naive normalization process would assign these to differing calendar quarters of 2018-09-30 and 2018-06-30 respectively. However; we assign these both to the 2018-06-30 calendar quarter because this maximises the overlap in the report periods in question and therefore the comparability of this period.,date (YYYY-MM-DD)
SF1,datekey,false,true,Date Key,[Entity] The Date Key represents the SEC filing date for AR dimensions (ARQ;ART;ARY); and the [REPORTPERIOD] for MR dimensions (MRQ;MRT;MRY). In addition; this is the observation date used for [Price] based data such as [MarketCap]; [Price] and [PE].,date (YYYY-MM-DD)
SF1,reportperiod,false,true,Report Period,[Entity] The Report Period represents the end date of the fiscal period.,date (YYYY-MM-DD)
SF1,lastupdated,true,false,Last Updated Date,[Entity] Last Updated represents the last date that this database entry was updated; which is useful to users when updating their local records.,date (YYYY-MM-DD)
SF1,fiscalperiod,false,false,Fiscal Period,The fiscal period of the report expressed as follows: 2024-Q2; 2024-Q3; 2024-FY etc. Note that companies can have different fiscal periods for the report period due to different year end dates.,date (YYYY-MM-DD)
SF2,ticker,true,true,Ticker Symbol,The ticker is a unique identifier for a security in the database. Where a company is delisted and the ticker subsequently recycled for use by a different company; we utilise that ticker for the currently active company and append a number to the ticker of the delisted company. The ACTIONS table provides a record of historical ticker changes.,text
SF2,filingdate,true,true,Filing Date,The date the form was filed with the SEC.,date (YYYY-MM-DD)
SF2,formtype,false,true,Form Type,The type of SEC form . Available options are 3; 4 or 5 that the data are sourced from. Preprended by RESTATED in the event that the filing is subsequently restated.,text
SF2,issuername,false,false,Issuer Name,The name of the security issuer.,text
SF2,ownername,true,true,Owner Name (Insider / Investor),The name of the owner.,text
SF2,officertitle,false,false,Officer Title,Is the owner is an officer of the company the officer's title is provided.,text
SF2,isdirector,false,false,Is Director?,Is the owner a Board Director? [Y]es or [N]o.,Y/N
SF2,isofficer,false,false,Is Officer?,Is the owner an officer of the company? [Y]es or [N]o.,Y/N
SF2,istenpercentowner,false,false,Is Ten Percent Owner?,Does the owner hold ten percent or more of the class of security? [Y]es or [N]o.,Y/N
SF2,transactiondate,false,false,Transaction Date,If there has been a transaction; the date of the transaction is provided here.,date (YYYY-MM-DD)
SF2,securityadcode,true,false,Security Acquired/Disposed Code,[D] Derivative; No Transaction [DA] Derivative Acquisition [DD] Derivative Disposition [N] Non-Derivative; No Transaction [NA] Non-Derivative Acquisition [ND] Non-Derivative Disposition,text
SF2,transactioncode,false,false,Transaction Code,The available [Transaction Codes] [Transaction Categories] Descriptions are as follows: [P] [General] Open market or private purchase of non-derivative or derivative security [S] [General] Open market or private sale of non-derivative or derivative security [V] [General] Transaction voluntarily reported earlier than required [A] [Rule 16b-3] Grant; award or other acquisition pursuant to Rule 16b-3(d) [D] [Rule 16b-3] Disposition to the issuer of issuer equity securities pursuant to Rule 16b-3(e) [F] [Rule 16b-3] Payment of exercise price or tax liability by delivering or withholding securities [I] [Rule 16b-3] Discretionary transaction in accordance with Rule 16b-3(f) [M] [Rule 16b-3] Exercise or conversion of derivative security exempted pursuant to Rule 16b-3 [C] [Derivative Codes] Conversion of derivative security [E] [Derivative Codes] Expiration of short derivative position [H] [Derivative Codes] Expiration (or cancellation) of long derivative position with value received [O] [Derivative Codes] Exercise of out-of-the-money derivative security [X] [Derivative Codes] Exercise of in-the-money or at-the-money derivative security [G] [Other Section 16(b) Exempt] Bona fide gift [L] [Other Section 16(b) Exempt] Small acquisition under Rule 16a-6 [W] [Other Section 16(b) Exempt] Acquisition or disposition by will or the laws of descent and distribution [Z] [Other Section 16(b) Exempt] Deposit into or withdrawal from voting trust [J] [Other] Other acquisition or disposition [K] [Other] Transaction in equity swap or instrument with similar characteristics [U] [Other] Disposition pursuant to a tender of shares in a change of control transaction,text
SF2,sharesownedbeforetransaction,false,false,Shares Owned Before Transaction,The number of shares owned before the transaction.,units
SF2,transactionshares,false,false,Transaction Shares,The number of shares transacted.,units
SF2,sharesownedfollowingtransaction,false,false,Shares Owned Following Transaction,The number of shares owned following the transaction.,units
SF2,securitytitle,false,false,Security Title,The title of the class of security.,text
SF2,directorindirect,false,false,Direct or Indirect?,Is the ownership held [D]irectly or [I]ndirectly?,text
SF2,natureofownership,false,false,Nature of Ownership,Where the ownership is held through an investment vehicle (trust; fund etc) the name of that investment vehicle is provided here.,text
SF2,dateexercisable,false,false,Date Exercisable,The date that an option is exercisable; where applicable and available.,date (YYYY-MM-DD)
SF2,priceexercisable,false,false,Price Exercisable,The price at which an option is exercisable; where applicable and available.,USD
SF2,expirationdate,false,false,Expiration Date,The data at which an option expires; where applicable and available,date (YYYY-MM-DD)
SF2,rownum,false,true,Row Number,The record number for a particular owner and filing date; which forms part of the key for the record.,numeric
SF3,ticker,true,true,Ticker Symbol,The ticker is a unique identifier for a security in the database. Where a company is delisted and the ticker subsequently recycled for use by a different company; we utilise that ticker for the currently active company and append a number to the ticker of the delisted company. The ACTIONS table provides a record of historical ticker changes.,text
SF3,investorname,true,true,Institutional Investor Name,The investor name is a unique identifier for the institutional investor.,text
SF3,securitytype,true,true,Security Type,The available options to filter the SecurityType field are as follows: [SHR] Common Shares [FND] Fund Units [CLL] Call Options [PUT] Put Options [WNT] Warrants [DBT] Debt [PRF] Preferred Shares [UND] Unidentified Security Type,text
SF3,calendardate,true,true,Calendar Date,The calendar date field represents the last day of the calendar quarter.,date (YYYY-MM-DD)
SF3,value,false,false,Value,The total USD value of the current line item.,USD
SF3,units,false,false,Units,The number of units in the current line item.,units
SF3,price,false,false,Price,The imputed price per unit of the current line item.,USD/share
SF3A,calendardate,true,true,Calendar Date,The calendar date field represents the last day of the calendar quarter.,date (YYYY-MM-DD)
SF3A,ticker,true,true,Ticker Symbol,The ticker is a unique identifier for a security in the database. Where a company is delisted and the ticker subsequently recycled for use by a different company; we utilise that ticker for the currently active company and append a number to the ticker of the delisted company. The ACTIONS table provides a record of historical ticker changes.,text
SF3A,name,false,false,Issuer Name,The name of the issuer.,text
SF3A,shrholders,false,false,Number of Shareholders (Institutional),The number of shareholders.,numeric
SF3A,cllholders,false,false,Number of Call holders (Institutional),The number of call holders.,numeric
SF3A,putholders,false,false,Number of Put holders (institutional),The number of put holders.,numeric
SF3A,wntholders,false,false,Number of Warrant holders (institutional),The number of warrant holders.,numeric
SF3A,dbtholders,false,false,Number of Debt holders (institutional),The number of debt holders.,numeric
SF3A,prfholders,false,false,Number of Preferred Stock holders (institutional),The number of preferred stock holders.,numeric
SF3A,fndholders,false,false,Number of Fund holders (institutional),The number of fund holders.,numeric
SF3A,undholders,false,false,Number of Unidentified Security type holders (institutional),The number of unidentified security type holders.,numeric
SF3A,shrunits,false,false,Number of Share Units held (institutional),The total number of share units held.,units
SF3A,cllunits,false,false,Number of Call Units held (institutional),The total number of call units held.,units
SF3A,putunits,false,false,Number of Put Units held (institutional),The total number of put units held.,units
SF3A,wntunits,false,false,Number of Warrant Units held (institutional),The total number of warrant units held.,units
SF3A,dbtunits,false,false,Number of Debt Units held (institutional),The total number of debt units held.,units
SF3A,prfunits,false,false,Number of Preferred Stock units held (institutional),The total number of preferred stock units held.,units
SF3A,fndunits,false,false,Number of Fund units held (institutional),The total number of fund units held.,units
SF3A,undunits,false,false,Number of Unidentified Security type units held (institutional),The total number of unidentified security type units held.,units
SF3A,shrvalue,false,false,Value of Share units held (institutional),The total value of share units held.,USD
SF3A,cllvalue,false,false,Value of Call units held (institutional),The total value of call units held.,USD
SF3A,putvalue,false,false,Value of Put units held (institutional),The total value of put units held.,USD
SF3A,wntvalue,false,false,Value of Warrant units held (institutional),The total value of warrant units held.,USD
SF3A,dbtvalue,false,false,Value of Debt units held (institutional),The total value of debt units held.,USD
SF3A,prfvalue,false,false,Value of Preferred Stock units held (institutional),The total value of preferred stock units held.,USD
SF3A,fndvalue,false,false,Value of Fund units held (institutional),The total value of fund units held.,USD
SF3A,undvalue,false,false,Value of Unidentified Security type units held (institutional),The total value of unidentified security type units held.,USD
SF3A,totalvalue,false,false,Total Value of all Security types held (institutional),The total value of all security types held.,USD
SF3A,percentoftotal,false,false,Percentage of Total Institutional Holdings for the Quarter,The percentage that the [TotalValue] of this line item constitutes of all institutional holdings for this quarter.,%
SF3B,calendardate,true,true,Calendar Date,The calendar date field represents the last day of the calendar quarter.,date (YYYY-MM-DD)
SF3B,investorname,true,true,Institutional Investor Name,The investor name is a unique identifier for the institutional investor.,text
SF3B,shrholdings,false,false,Number of Distinct Share holdings (institutional),The number of distinct share holdings held by the institution.,numeric
SF3B,cllholdings,false,false,Number of Distinct Call holdings (institutional),The number of distinct call holdings held by the institution.,numeric
SF3B,putholdings,false,false,Number of Distinct Put holdings (institutional),The number of distinct put holdings held by the institution.,numeric
EVENTCODES,81,false,false,Other Events,EventCode to Title mapping for EVENTS table.,text
SF3B,wntholdings,false,false,Number of Distinct Warrant holdings (institutional),The number of distinct warrant holdings held by the institution.,numeric
SF3B,dbtholdings,false,false,Number of Distinct Debt holdings (institutional),The number of distinct debt holdings held by the institution.,numeric
SF3B,prfholdings,false,false,Number of Distinct Preferred Stock holdings (institutional),The number of distinct preferred stock holdings held by the institution.,numeric
SF3B,fndholdings,false,false,Number of Distinct Fund holdings (institutional),The number of distinct fund holdings held by the institution.,numeric
SF3B,undholdings,false,false,Number of Distinct Unidentified Security type holdings (institutional),The number of distinct unidentified security types held by the institution.,numeric
SF3B,shrunits,false,false,Number of Share Units held (institutional),The total number of share units held.,units
SF3B,cllunits,false,false,Number of Call Units held (institutional),The total number of call units held.,units
SF3B,putunits,false,false,Number of Put Units held (institutional),The total number of put units held.,units
SF3B,wntunits,false,false,Number of Warrant Units held (institutional),The total number of warrant units held.,units
SF3B,dbtunits,false,false,Number of Debt Units held (institutional),The total number of debt units held.,units
SF3B,prfunits,false,false,Number of Preferred Stock units held (institutional),The total number of preferred stock units held.,units
SF3B,fndunits,false,false,Number of Fund units held (institutional),The total number of preferred stock units held.,units
SF3B,undunits,false,false,Number of Unidentified Security type units held (institutional),The total number of unidentified security type units held.,units
SF3B,shrvalue,false,false,Value of Share units held (institutional),The total value of share units held.,USD
SF3B,cllvalue,false,false,Value of Call units held (institutional),The total value of call units held.,USD
SF3B,putvalue,false,false,Value of Put units held (institutional),The total value of put units held.,USD
SF3B,wntvalue,false,false,Value of Warrant units held (institutional),The total value of warrant units held.,USD
SF3B,dbtvalue,false,false,Value of Debt units held (institutional),The total value of debt units held.,USD
SF3B,prfvalue,false,false,Value of Preferred Stock units held (institutional),The total value of preferred stock units held.,USD
SF3B,fndvalue,false,false,Value of Fund units held (institutional),The total value of fund units held.,USD
SF3B,undvalue,false,false,Value of Unidentified Security type units held (institutional),The total value of unidentified security type units held.,USD
SF3B,totalvalue,false,false,Total Value of all Security types held (institutional),The total value of unidentified security type units held.,USD
SF3B,percentoftotal,false,false,Percentage of Total Institutional Holdings for the Quarter,The percentage that the [TotalValue] of this line item constitutes of all institutional holdings for this quarter.,%
SFP,ticker,true,true,Ticker Symbol,The ticker is a unique identifier for a security in the database. Where a company is delisted and the ticker subsequently recycled for use by a different company; we utilise that ticker for the currently active company and append a number to the ticker of the delisted company. The ACTIONS table provides a record of historical ticker changes.,text
SFP,date,true,true,Price Date,The trade date of the price observations.,date (YYYY-MM-DD)
SFP,open,false,false,Open Price - Split Adjusted,The official exchange opening price; adjusted for stock splits and stock dividends. Not adjusted for cash dividends or spinoffs.,USD/share
SFP,high,false,false,High Price - Split Adjusted,The high share price; adjusted for stock splits and stock dividends. Not adjusted for cash dividends or spinoffs.,USD/share
SFP,low,false,false,Low Price - Split Adjusted,The low share price; adjusted for stock splits and stock dividends. Not adjusted for cash dividends or spinoffs.,USD/share
SFP,close,false,false,Close Price - Split Adjusted,The official exchange close price; adjusted for stock splits and stock dividends. Not adjusted for cash dividends or spinoffs.,USD/share
SFP,volume,false,false,Volume - Split Adjusted,The daily traded volume across all exchanges; adjusted for stock splits and stock dividends. Not adjusted for cash dividends or spinoffs. Includes opening and closing cross volume if applicable.,numeric
SFP,closeadj,false,false,Close Price - Adjusted for Splits Dividends and Spinoffs,The official exchange close price; adjusted for stock splits; stock dividends; cash dividends and spinoffs.,USD/share
SFP,closeunadj,false,false,Close Price - Unadjusted,The official exchange close price; not adjusted for stock splits; stock dividends; cash dividends or spinoffs.,USD/share
SFP,lastupdated,true,false,Last Updated Date,The last date at which this line item was updated; typically used to filter data to be retrieved for syncing to local records.,date (YYYY-MM-DD)
ACTIONS,date,true,true,Date,The date of the corporate action.,date (YYYY-MM-DD)
ACTIONS,action,true,true,Action,The available actions in this field are outlined in the INDICATORS table where the table field equals ACTIONTYPES.,text
ACTIONS,ticker,true,true,Ticker Symbol,The ticker is a unique identifier for a security in the database. Where a company is delisted and the ticker subsequently recycled for use by a different company; we utilise that ticker for the currently active company and append a number to the ticker of the delisted company. The ACTIONS table provides a record of historical ticker changes.,text
ACTIONS,name,false,true,Issuer Name,The name of the issuer.,text
ACTIONS,value,false,false,Value,The available values in this field are outlined in the INDICATORS table where the table field equals ACTIONTYPES.,numeric
ACTIONS,contraticker,true,true,Contra Ticker Symbol,The contra ticker associated with the action; if applicable.,text
ACTIONS,contraname,false,true,Contra Issuer Name,The name of the contra issuer associated with the contra ticker.,text
ACTIONTYPES,acquisitionby,false,false,Acquisition By,Description of action types in the ACTIONS table. Provides details of an acquisition transaction. The ticker field represents the ticker of the acquired company. The contraticker field represents the ticker of the acquiring company. The value field represents the final market cap of the acquired company. The date field represents the last trade date of the acquired company.,USD millions
EVENTCODES,63,false,false,Change in Credit Enhancement or Other External Support,EventCode to Title mapping for EVENTS table.,text
ACTIONTYPES,acquisitionof,false,false,Acquisition Of,Description of action types in the ACTIONS table. Provides details of an acquisition transaction. The ticker field represents the ticker of the acquiring company. The contraticker field represents the ticker of the acquired company. The value field represents the final market cap of the acquired company. The date field represents the last trade date of the acquired company.,USD millions
ACTIONTYPES,bankruptcyliquidation,false,false,Bankruptcy and/or Liquidation,Description of action types in the ACTIONS table. Provides details of a bankruptcy/liquidation transaction.  The value field represents the final market cap of the bankrupt/liquidated company.  The date field represents the last trade date of the bankrupt/liquidated company.,USD millions
ACTIONTYPES,delisted,false,false,Delisted,Description of action types in the ACTIONS table. Provides details of a delisting transaction. The value field represents the final market cap of the security provided that it is the primary common stock that is covered in the fundamentals and daily metrics tables.  The date field represents the last trade date of the delisted company.,USD millions
ACTIONTYPES,dividend,false,false,Cash Dividend,Description of action types in the ACTIONS table. Provides details of a cash dividend distribution. The value field represents the cash dividend as adjusted for stock splits and stock dividends. The date field represents the ex-dividend date.,USD/share
ACTIONTYPES,initiated,false,false,Coverage Initiated,Description of action types in the ACTIONS table. Provides details of the initiation of coverage in our price datasets. The date field represents the date that coverage commenced in our price datasets for securities that were already listed prior to this date.,N/A
ACTIONTYPES,listed,false,false,Newly Listed,Description of action types in the ACTIONS table. Provides details of new listings. The value field represents the initial market cap of the security provided that it is the primary common stock that is covered in the fundamentals and daily metrics tables. The date field represents the date that the company listed for trading.,USD millions
ACTIONTYPES,mergerfrom,false,false,Merger From,Description of action types in the ACTIONS table. Provides details of merger transactions. The ticker field represents the ticker of the non-surviving company. The contraticker field represents the ticker of the surviving company. The value field represents the final market cap of the non-surviving company. The date field represents the last trade date of the non-surviving company.,USD millions
ACTIONTYPES,mergerto,false,false,Merger To,Description of action types in the ACTIONS table. Provides details of merger transactions. The ticker field represents the ticker of the surviving company. The contraticker field represents the ticker of the non-surviving company. The value field represents the final market cap of the non-surviving company. The date field represents the last trade date of the non-surviving company.,USD millions
ACTIONTYPES,regulatorydelisting,false,false,Regulatory Delisting,Description of action types in the ACTIONS table. Provides details of securities delisted for exchange or regulatory reasons. The value field represents the final market cap of the security provided that it is the primary common stock that is covered in the fundamentals and daily metrics tables. The date field represents the last trade date of the delisted company.,USD millions
ACTIONTYPES,relation,false,false,Relation,Description of action types in the ACTIONS table. Provides linkage between multiple securities issued by the same issuer. The ticker field represents what we consider to be the primary security from the issuer. The contraticker field represents the ticker that is related to the primary ticker.,N/A
ACTIONTYPES,spinoff,false,false,Spinoff Ratio,Description of action types in the ACTIONS table. Provides details of spinoff transactions.	The ticker field represents the parent company that has spunoff another company. The contraticker field represents the company that has been spunoff. The value field represents the number of shares of the spunoff company that are issued for each share of the parent company. The date field represents the date of the spinoff transaction.,ratio
ACTIONTYPES,spinoffdividend,false,false,Spinoff Dividend,Description of action types in the ACTIONS table. Provides details of spinoff transactions. The ticker field represents the parent company that has spunoff another company. The contraticker field represents the company that has been spunoff. The value field represents the dollar value of shares of the spunoff company that are issued for each share of the parent company. The date field represents the date of the spinoff transaction.,USD/share
ACTIONTYPES,split,false,false,Stock Split or Stock Dividend,Description of action types in the ACTIONS table. Provides details of stock split or stock dividend transactions. The value field represents the number of shares that will be held after the transaction is effective for each share held prior to the transaction being effective. The date field represents the effective date of the transaction.,ratio
ACTIONTYPES,adrratiosplit,false,false,ADR Ratio Split,Description of action types in the ACTIONS table. Provides a split applied to the ADR ratio as represented by the sharefactor indicator.,ratio
ACTIONTYPES,spunofffrom,false,false,Spunoff From,Description of action types in the ACTIONS table. Provides details of spinoff transactions. The ticker field represents the company that has been spunoff from the parent company. The contraticker field represents the parent company. The value field represents the number of shares of the spunoff company that are issued for each share of the parent company. The date field represents the date of the spinoff transaction.,ratio
ACTIONTYPES,tickerchangefrom,false,false,Ticker Change From,Description of action types in the ACTIONS table. Provides details of ticker change transactions. Must be viewed in conjunction with the tickerchangeto action. The ticker field represents the current ticker in the datasets which is not necessarily the ticker that has been changed to as of this date. The contraticker field represents the ticker that has been changed from as of this date. The tickerchangeto action represents the ticker that was changed to as of the date in the date field. The date field represents the effective date of the ticker change.,N/A
ACTIONTYPES,tickerchangeto,false,false,Ticker Change To,Description of action types in the ACTIONS table. Provides details of ticker change transactions. Must be viewed in conjunction with the tickerchangefrom action. The ticker field represents the current ticker in the datasets which is not necessarily the ticker that has been changed to as of this date. The contraticker field represents the ticker that has been changed to as of this date. The tickerchangefrom action represents the ticker that was changed from as of the date in the date field. The date field represents the effective date of the ticker change.,N/A
EVENTCODES,64,false,false,Failure to Make a Required Distribution,EventCode to Title mapping for EVENTS table.,text
EVENTCODES,65,false,false,Securities Act Updating Disclosure,EventCode to Title mapping for EVENTS table.,text
ACTIONTYPES,voluntarydelisting,false,false,Voluntary Delisting,Description of action types in the ACTIONS table. Provides details of securities that have voluntarily delisted. The value field represents the final market cap of the security provided that it is the primary common stock that is covered in the fundamentals and daily metrics tables. The date field represents the last trade date of the delisted company.	,USD millions
DAILY,ticker,true,true,Ticker Symbol,The ticker is a unique identifier for a security in the database. Where a company is delisted and the ticker subsequently recycled for use by a different company; we utilise that ticker for the currently active company and append a number to the ticker of the delisted company. The ACTIONS table provides a record of historical ticker changes.,text
DAILY,date,true,true,Price Date,The trade date of the price observations used in determining [MarketCap]; [PE]; [PS] etc.,date (YYYY-MM-DD)
DAILY,lastupdated,true,false,Last Updated Date,The last date at which this line item was updated; typically used to filter date to be retrieved for syncing to local records.,date (YYYY-MM-DD)
DAILY,ev,false,false,Enterprise Value - Daily,Enterprise value is a measure of the value of a business as a whole; calculated as [MarketCap] plus [DebtUSD] minus [CashnEqUSD]. [MarketCap] is calculated by us; and the remaining figures are sourced from the most recent SEC form 10 filings.,USD millions
DAILY,evebit,false,false,Enterprise Value over EBIT - Daily,Measures the ratio between [EV] and [EBITUSD]. EBITUSD is derived from the most recent SEC form 10 filings.,ratio
DAILY,evebitda,false,false,Enterprise Value over EBITDA - Daily,Measures the ratio between [EV] and [EBITDAUSD]. EBITDAUSD is derived from the most recent SEC form 10 filings.,ratio
DAILY,marketcap,false,false,Market Capitalization - Daily,Represents the product of [SharesBas]; [Price] and [ShareFactor]. [SharesBas] is sourced from the most recent SEC form 10 filing.,USD millions
DAILY,pb,false,false,Price to Book Value - Daily,Measures the ratio between [MarketCap] and [EquityUSD]. [EquityUSD] is sourced from the most recent SEC form 10 filing.,ratio
DAILY,pe,false,false,Price Earnings (Damodaran Method) - Daily,Measures the ratio between [MarketCap] and [NetIncCmnUSD]. [NetIncCmnUSD] is sourced from the most recent SEC form 10 filings.,ratio
DAILY,ps,false,false,Price Sales (Damodaran Method) - Daily,Measures the ratio between [MarketCap] and [RevenueUSD]. [RevenueUSD] is sourced from the most recent SEC form 10 filings.,ratio
EVENTCODES,11,false,false,Entry into a Material Definitive Agreement,EventCode to Title mapping for EVENTS table.,text
EVENTCODES,12,false,false,Termination of a Material Definitive Agreement,EventCode to Title mapping for EVENTS table.,text
EVENTCODES,13,false,false,Bankruptcy or Receivership,EventCode to Title mapping for EVENTS table.,text
EVENTCODES,14,false,false,Mine Safety - Reporting of Shutdowns and Patterns of Violations,EventCode to Title mapping for EVENTS table.,text
EVENTCODES,15,false,false,Receipt of an Attorney's Written Notice Pursuant to 17 CFR 205.3(d) ,EventCode to Title mapping for EVENTS table.,text
EVENTCODES,21,false,false,Completion of Acquisition or Disposition of Assets,EventCode to Title mapping for EVENTS table.,text
EVENTCODES,22,false,false,Results of Operations and Financial Condition,EventCode to Title mapping for EVENTS table.,text
EVENTCODES,23,false,false,Creation of a Direct Financial Obligation or an Obligation under an Off-Balance Sheet Arrangement of a Registrant,EventCode to Title mapping for EVENTS table.,text
EVENTCODES,24,false,false,Triggering Events That Accelerate or Increase a Direct Financial Obligation or an Obligation under an Off-Balance Sheet Arrangement,EventCode to Title mapping for EVENTS table.,text
EVENTCODES,25,false,false,Cost Associated with Exit or Disposal Activities,EventCode to Title mapping for EVENTS table.,text
EVENTCODES,26,false,false,Material Impairments,EventCode to Title mapping for EVENTS table.,text
EVENTCODES,31,false,false,Notice of Delisting or Failure to Satisfy a Continued Listing Rule or Standard; Transfer of Listing,EventCode to Title mapping for EVENTS table.,text
EVENTCODES,32,false,false,Unregistered Sales of Equity Securities,EventCode to Title mapping for EVENTS table.,text
EVENTCODES,33,false,false,Material Modifications to Rights of Security Holders,EventCode to Title mapping for EVENTS table.,text
EVENTCODES,34,false,false,Schedule 13G Filing,EventCode to Title mapping for EVENTS table.,text
EVENTCODES,35,false,false,Schedule 13D Filing,EventCode to Title mapping for EVENTS table.,text
EVENTCODES,36,false,false,Notice under Rule 12b25 of inability to timely file all or part of a Form 10-K or 10-Q,EventCode to Title mapping for EVENTS table.,text
EVENTCODES,40,false,false,Changes in Registrant's Certifying Accountant,EventCode to Title mapping for EVENTS table.,text
EVENTCODES,41,false,false,Changes in Registrant's Certifying Accountant,EventCode to Title mapping for EVENTS table.,text
EVENTCODES,42,false,false,Non-Reliance on Previously Issued Financial Statements or a Related Audit Report or Completed Interim Review,EventCode to Title mapping for EVENTS table.,text
EVENTCODES,51,false,false,Changes in Control of Registrant,EventCode to Title mapping for EVENTS table.,text
EVENTCODES,52,false,false,Departure of Directors or Certain Officers; Election of Directors; Appointment of Certain Officers: Compensatory Arrangements of Certain Officers,EventCode to Title mapping for EVENTS table.,text
EVENTCODES,53,false,false,Amendments to Articles of Incorporation or Bylaws; and/or Change in Fiscal Year,EventCode to Title mapping for EVENTS table.,text
EVENTCODES,54,false,false,Temporary Suspension of Trading Under Registrant's Employee Benefit Plans,EventCode to Title mapping for EVENTS table.,text
EVENTCODES,55,false,false,Amendments to the Registrant's Code of Ethics; or Waiver of a Provision of the Code of Ethics,EventCode to Title mapping for EVENTS table.,text
EVENTCODES,56,false,false,Change in Shell Company Status,EventCode to Title mapping for EVENTS table.,text
EVENTCODES,57,false,false,Submission of Matters to a Vote of Security Holders,EventCode to Title mapping for EVENTS table.,text
EVENTCODES,58,false,false,Shareholder Nominations Pursuant to Exchange Act Rule 14a-11,EventCode to Title mapping for EVENTS table.,text
EVENTCODES,61,false,false,ABS Informational and Computational Material,EventCode to Title mapping for EVENTS table.,text
EVENTCODES,62,false,false,Change of Servicer or Trustee,EventCode to Title mapping for EVENTS table.,text
EVENTCODES,71,false,false,Regulation FD Disclosure,EventCode to Title mapping for EVENTS table.,text
EVENTCODES,91,false,false,Financial Statements and Exhibits,EventCode to Title mapping for EVENTS table.,text
EVENTCODES,37,false,false,Tender Offer Statement under Section 14(d)(1) or 13(e)(1) of the Securities Exchange Act of 1934,EventCode to Title mapping for EVENTS table.,text
EVENTS,date,true,true,Filing Date,The date of the form 8 SEC filing.,date (YYYY-MM-DD)
EVENTS,ticker,true,true,Ticker Symbol,The ticker is a unique identifier for a security in the database. Where a company is delisted and the ticker subsequently recycled for use by a different company; we utilise that ticker for the currently active company and append a number to the ticker of the delisted company. The ACTIONS table provides a record of historical ticker changes.,text
EVENTS,eventcodes,false,false,Material Corporate Events,Each type of event is assigned a 2-digit numeric code which are described in this INDICATORS table where the table field equals EVENTCODES.,text
INDICATORS,table,true,true,Table,The database table which the ticker is featured in. Examples are: SF1 or SEP.	,text
INDICATORS,indicator,true,true,Indicator Code,,text
INDICATORS,isfilter,false,false,Is Filter?,,Y/N
INDICATORS,isprimarykey,false,false,Is Primary Key?,,Y/N
INDICATORS,title,false,false,Indicator Title,,text
INDICATORS,description,false,false,Indicator Description,,text
INDICATORS,unittype,false,false,Indicator Unit Type,,text
METRICS,ticker,true,true,Ticker Symbol,The ticker is a unique identifier for a security in the database. Where a company is delisted and the ticker subsequently recycled for use by a different company; we utilise that ticker for the currently active company and append a number to the ticker of the delisted company. The ACTIONS table provides a record of historical ticker changes.,text
METRICS,date,true,true,Price Date,The trade date of the most recent price and volume available.,date (YYYY-MM-DD)
METRICS,lastupdated,true,false,Last Updated Date,Last updated date represents the last date that this table entry was updated; which is useful to users when updating their local records.,date (YYYY-MM-DD)
METRICS,beta1y,false,false,Beta - 1 Year Daily,The beta of the stock over 1 year relative to the market calculated using daily adjusted closing price of the stock (as adjusted for stock splits; dividends and spinoffs) relative to total returns of the market as represented by the adjusted closing prices of the SPY S&P500 ETF. Recalculated and updated on a weekly basis.,ratio
METRICS,beta5y,false,false,Beta - 5 Year Monthly,The beta of the stock over 5 years relative to the market calculated using monthly adjusted closing price of the stock (as adjusted for stock splits; dividends and spinoffs) relative to total returns of the market as represented by the adjusted closing prices of the SPY S&P500 ETF. Recalculated and updated on a weekly basis.,ratio
METRICS,dividendyieldforward,false,false,Dividend Yield - Forward,The forward dividend yield; calculated by annualising the last regular cash dividend payment; dividing by the stock price and multiplying by 100.,percent
METRICS,dividendyieldtrailing,false,false,Dividend Yield - Trailing,The trailing dividend yield; calculated by summing regular and special cash dividend payments in the last year; dividing by the stock price and multiplying by 100.,percent
METRICS,high52w,false,false,High Price - 52 Week,The highest price over the last 52 weeks as adjusted for stock splits and stock dividends; but not cash dividends or spinoffs.,USD/share
METRICS,high5y,false,false,High Price - 5 Year,The highest price over the last 5 years as adjusted for stock splits and stock dividends; but not cash dividends or spinoffs.,USD/share
METRICS,low52w,false,false,Low Price - 52 Week,The lowest price over the last 52 weeks as adjusted for stock splits and stock dividends; but not cash dividends or spinoffs.,USD/share
METRICS,low5y,false,false,Low Price - 5 Year,The lowest price over the last 5 years weeks as adjusted for stock splits and stock dividends; but not cash dividends or spinoffs.,USD/share
METRICS,ma200d,false,false,Price Moving Average - 200 Day,The 200 day moving average closing price as adjusted for stock splits and stock dividends; but not cash dividends or spinoffs. Not available if the stock has been trading less than 200 days.,USD/share
METRICS,ma200w,false,false,Price Moving Average - 200 Week,The 200 week moving average closing price as adjusted for stock splits and stock dividends; but not cash dividends or spinoffs. Not available if the stock has been trading less than 200 weeks.,USD/share
METRICS,ma50d,false,false,Price Moving Average - 50 Day,The 50 day moving average closing price as adjusted for stock splits and stock dividends; but not cash dividends or spinoffs. Not available if the stock has been trading less than 50 days.,USD/share
METRICS,ma50w,false,false,Price Moving Average - 50 Week,The 50 week moving average closing price as adjusted for stock splits and stock dividends; but not cash dividends or spinoffs. Not available if the stock has been trading less than 50 weeks.,USD/share
METRICS,price,false,false,Price,The closing stock price on the date.,USD/share
METRICS,return1y,false,false,Total Return - 1 Year,The total return over 1 year calculated using the closing price as adjusted for stock splits and stock dividends; but not cash dividends or spinoffs. Not available if the stock has been trading for less than 1 year.,percent
METRICS,return5y,false,false,Total Return - 5 Year,The total return over 5 years calculated using the closing price as adjusted for stock splits and stock dividends; but not cash dividends or spinoffs. Not available if the stock has been trading for less than 5 years.,percent
METRICS,returnytd,false,false,Total Return - Year to Date,The total return for the year to date calculated using the closing price as adjusted for stock splits and stock dividends; but not cash dividends or spinoffs.,percent
METRICS,volume,false,false,Volume,The daily traded volume across all exchanges; adjusted for stock splits and stock dividends. Not adjusted for cash dividends or spinoffs. Includes opening and closing cross volumes if applicable.,numeric
METRICS,volumeavg1m,false,false,Volume Average - 1 Month,The daily average traded volume over 1 month across all exchanges; adjusted for stock splits and stock dividends. Not adjusted for cash dividends or spinoffs. Includes opening and closing cross volumes if applicable.,numeric
METRICS,volumeavg3m,false,false,Volume Average - 3 Month,The daily average traded volume over 3 months across all exchanges; adjusted for stock splits and stock dividends. Not adjusted for cash dividends or spinoffs. Includes opening and closing cross volumes if applicable.,numeric
TICKERS,table,true,true,Table,The database table which the ticker is featured in. Examples are: SF1 or SEP.,text
SEP,ticker,true,true,Ticker Symbol,The ticker is a unique identifier for a security in the database. Where a company is delisted and the ticker subsequently recycled for use by a different company; we utilise that ticker for the currently active company and append a number to the ticker of the delisted company. The ACTIONS table provides a record of historical ticker changes.,text
SEP,date,true,true,Price Date,The trade date of the price observations.,date (YYYY-MM-DD)
SEP,open,false,false,Open Price - Split Adjusted,The official exchange opening price; adjusted for stock splits and stock dividends. Not adjusted for cash dividends or spinoffs.,USD/share
SEP,high,false,false,High Price - Split Adjusted,The high share price; adjusted for stock splits and stock dividends. Not adjusted for cash dividends or spinoffs.,USD/share
SEP,low,false,false,Low Price - Split Adjusted,The low share price; adjusted for stock splits and stock dividends. Not adjusted for cash dividends or spinoffs.,USD/share
SEP,close,false,false,Close Price - Split Adjusted,The official exchange close price; adjusted for stock splits and stock dividends. Not adjusted for cash dividends or spinoffs.,USD/share
SEP,volume,false,false,Volume - Split Adjusted,The daily traded volume across all exchanges; adjusted for stock splits and stock dividends. Not adjusted for cash dividends or spinoffs. Includes opening and closing cross volumes if applicable.,numeric
SEP,closeadj,false,false,Close Price - Adjusted for Splits Dividends and Spinoffs,The official exchange close price; adjusted for stock splits; stock dividends; cash dividends and spinoffs.,USD/share
SEP,closeunadj,false,false,Close Price - Unadjusted,The official exchange close price; not adjusted for stock splits; stock dividends; cash dividends or spinoffs.,USD/share
SEP,lastupdated,true,false,Last Updated Date,The last date at which this line item was updated; typically used to filter data to be retrieved for syncing to local records.,date (YYYY-MM-DD)
SP500,date,true,true,Date,The action date.,date (YYYY-MM-DD)
SP500,action,true,true,Action,The available actions in this database are: current; added; removed and historical.	,text
SP500,ticker,true,true,Ticker Symbol,The ticker is a unique identifier for a security in the database. Where a company is delisted and the ticker subsequently recycled for use by a different company; we utilise that ticker for the currently active company and append a number to the ticker of the delisted company. The ACTIONS table provides a record of historical ticker changes.,text
SP500,name,false,false,Issuer Name,The name of the issuer.,text
SP500,contraticker,true,false,Contra Ticker Symbol,The contra ticker is the opposing ticker entry. It represents the ticker that has been removed where the action=added; and the ticker that has been added where the action=removed.,text
SP500,contraname,false,false,Contra Issuer Name,The name of the contra issuer.,text
SP500,note,false,false,Notes,Placeholder for notes and additional information regarding additions to and removals from the S&P500.,text
TABLE-DESCRIPTIONS,SF1,false,false,Core US Fundamentals Table (SF1),"The primary US fundamentals table that contains income statement; balance sheet; cash flow statement, and derived and price-based metrics. Observations are provided quarterly; annually; and for trailing twelve month periods where available. Multiple dimensions are provided to view the data before and after the impact of restatements. The data are originally curated from SEC filings via forms 10; 20; 40; S-1; S-4; F-1; F-40; and 6-K.",text
TABLE-DESCRIPTIONS,SF2,false,false,Core US Insiders Table (SF2),The SHARADAR/SF2 table contains insider transactions and holdings from SEC filings via form 3; 4; and 5. These filings must be made within 2 business days of any transaction occurring. Find out more about the SEC filing requirements here: https://www.sec.gov/files/forms-3-4-5.pdf.,text
TABLE-DESCRIPTIONS,SF3,false,false,Sharadar US Institutional Investors Table (SF3),The SHARADAR/SF3 table contains institutional investor portfolio holdings disclosed via SEC form 13F filings. These filings are made quarterly up to 45 days after the end of the quarter. Find out more about the SEC filing requirements here: https://www.sec.gov/pdf/form13f.pdf.,text
TABLE-DESCRIPTIONS,SF3A,false,false,Sharadar US Institutional Investors Summary By Ticker Table (SF3A),The SHARADAR/SF3A table summarises the institutional investor table (SF3) by ticker.,text
TABLE-DESCRIPTIONS,SF3B,false,false,Sharadar US Institutional Investors Summary By Investor Table (SF3B),The SHARADAR/SF3B table summarises the institutional investor table (SF3) by investor.,text
TABLE-DESCRIPTIONS,SEP,false,false,Sharadar Equity Prices Table (SEP),The SHARADAR/SEP table provides end-of-day (EOD) prices for listed equities; including common stock; warrants and preferred stock. Data are provided (1) unadjusted (2) adjusted for stock splits (3) adjusted for stock splits; cash dividends; and spinoffs.,text
TABLE-DESCRIPTIONS,SFP,false,false,Sharadar Fund Prices Table (SFP),The SHARADAR/SFP table provides end-of-day (EOD) prices for listed equities; including common stock; warrants and preferred stock. Data are provided (1) unadjusted (2) adjusted for stock splits (3) adjusted for stock splits; cash dividends; and spinoffs.,text
TABLE-DESCRIPTIONS,TICKERS,false,false,Sharadar Tickers And Metadata Table (TICKERS),The SHARADAR/TICKERS table provides rich metadata for tickers in the SF1; SEP; and SFP tables. In addition it provides metadata for investors in the SF3/SF3B tables. ,text
TABLE-DESCRIPTIONS,INDICATORS,false,false,Sharadar Indicator Descriptions Table (INDICATORS),The SHARADAR/INDICATORS table provides descriptions of the indicators available in the Sharadar tables.,text
TABLE-DESCRIPTIONS,DAILY,false,false,Sharadar Daily Fundamental Metrics Table (DAILY),The SHARADAR/DAILY table provides price-based fundamentals metrics with daily resolution.,text
TABLE-DESCRIPTIONS,SP500,false,false,Sharadar S&P500 Current And Historical Constituents Table (SP500),The SHARADAR/DAILY table provides current S&P500 constituents; as well as historical changes and historical constituents.,text
TABLE-DESCRIPTIONS,ACTIONS,false,false,Sharadar Corporate Actions Table (ACTIONS),The SHARADAR/ACTIONS table provides rich corporate actions history that includes cash dividends; ticker changes; spinoffs; M&A; bankruptcies and other delistings.,text
TABLE-DESCRIPTIONS,EVENTS,false,false,Sharadar Material Corporate Events Table (EVENTS),The SHARADAR/EVENTS table provides material corporate events as reported to the SEC via form 8-K. Find out more about the SEC filing requirements here: https://www.sec.gov/files/form8-k.pdf.,text
TABLE-DESCRIPTIONS,METRICS,false,false,Sharadar Price Based Metrics Table (METRICS),The SHARADAR/METRICS table provides price-based metrics such as beta; dividend yield; moving averages; high price; low price; and average volume.,text
TICKERS,permaticker,true,true,Permanent Ticker Symbol,The permaticker is a unique and unchanging identifier for an issuer in the dataset which we as the data provider issue. This field is not included in other tables in order to maximise data scalability in those tables.,text
TICKERS,ticker,true,true,Ticker Symbol,The ticker is a unique identifier for a security in the database. Where a company is delisted and the ticker subsequently recycled for use by a different company; we utilise that ticker for the currently active company and append a number to the ticker of the delisted company. The ACTIONS table provides a record of historical ticker changes.,text
TICKERS,name,false,false,Issuer Name,The name of the security issuer.,text
TICKERS,exchange,false,false,Stock Exchange,The exchange on which the security's primary listing is held. Examples are: ,text
TICKERS,isdelisted,false,false,Is Delisted?,Is the security delisted? [Y]es or [N]o.,Y/N
TICKERS,category,false,false,Issuer Category,The category of the issuer: Domestic; Canadian or ADR. This field is based on the filing category with the SEC. Domestic firms file form 10; ADRs file form 20 and Canadian firms file form 40.,text
TICKERS,cusips,false,false,CUSIPs,A security identifier. Space delimited in the event of multiple identifiers.,text
TICKERS,siccode,false,false,Standard Industrial Classification (SIC) Code,The Standard Industrial Classification (SIC) is a system for classifying industries by a four-digit code; as sourced from SEC filings. More on the SIC system here: https://en.wikipedia.org/wiki/Standard_Industrial_Classification ,text
TICKERS,sicsector,false,false,SIC Sector,The SIC sector is based on the SIC code and the division tabled here: https://en.wikipedia.org/wiki/Standard_Industrial_Classification ,text
TICKERS,sicindustry,false,false,SIC Industry,The SIC industry is based on the SIC code and the industry tabled here: https://www.sec.gov/info/edgar/siccodes.htm,text
TICKERS,famasector,false,false,Fama Sector,This field was originally configured as a placeholder for the sector value in the Fama-French SIC to industry and sector mapping. As it turns out there is no sector in this mapping. As such we are open to suggestions for other values you would rather see here email connect@sharadar.com with suggestions.,text
TICKERS,famaindustry,false,false,Fama Industry,Industry classifications based on the SIC code and classifications by Fama and French here: http://mba.tuck.dartmouth.edu/pages/faculty/ken.french/Data_Library/det_48_ind_port.html,text
TICKERS,sector,false,false,Sector,A sector classification based on SIC codes in a format which approximates to GICS.,text
TICKERS,industry,false,false,Industry,An industry classification based on SIC codes in a format which approximates to GICS.,text
TICKERS,scalemarketcap,false,false,Company Scale - Market Cap,This field is experimental and subject to change. It categorises the company according to it's maximum observed market cap as follows: 1 - Nano <$50m; 2 - Micro < $300m; 3 - Small < $2bn; 4 - Mid <$10bn; 5 - Large < $200bn; 6 - Mega >= $200bn,text
TICKERS,scalerevenue,false,false,Company Scale - Revenue,This field is experimental and subject to change. It categorises the company according to it's maximum observed annual revenue as follows: 1 - Nano <$50m; 2 - Micro < $300m; 3 - Small < $2bn; 4 - Mid <$10bn; 5 - Large < $200bn; 6 - Mega >= $200bn,text
TICKERS,relatedtickers,false,false,Related Tickers,Where related tickers have been identified this field is populated. Related tickers can include the prior ticker before a ticker change; and it includes tickers for alternative share classes.,text
TICKERS,currency,false,false,Currency,The company functional reporting currency for the SF1 Fundamentals table or the currency for EOD prices in SEP and SFP.,text
TICKERS,location,false,false,Location,The company location as registered with the Securities and Exchange Commission.,text
TICKERS,lastupdated,true,false,Last Updated Date,Last Updated represents the last date that this database entry was updated; which is useful to users when updating their local records.,date (YYYY-MM-DD)
TICKERS,firstadded,false,false,First Added Date,The date that the ticker was first added to coverage in the dataset.,date (YYYY-MM-DD)
TICKERS,firstpricedate,false,false,First Price Date,The date of the first price observation for a given ticker. Can be used as a proxy for IPO date. Minimum value of 1986-01-01 for IPO's that occurred prior to this date. Note: this does not necessarily represent the first price date available in our datasets since our end of day price history currently starts in December 1997.,date (YYYY-MM-DD)
TICKERS,lastpricedate,false,false,Last Price Date,The most recent price observation available.,date (YYYY-MM-DD)
TICKERS,firstquarter,false,false,First Quarter,The first financial quarter available in the dataset.,date (YYYY-MM-DD)
TICKERS,lastquarter,false,false,Last Quarter,The last financial quarter available in the dataset.,date (YYYY-MM-DD)
TICKERS,secfilings,false,false,SEC Filings URL,The URL pointing to the SEC filings which also contains the Central Index Key (CIK).,text
TICKERS,companysite,false,false,Company Website URL,The URL pointing to the company website.,text